[{"model": "auth.group", "fields": {"name": "Editors", "permissions": [["add_article", "articles", "article"], ["change_article", "articles", "article"], ["delete_article", "articles", "article"], ["view_article", "articles", "article"], ["add_mediaasset", "articles", "mediaasset"], ["change_mediaasset", "articles", "mediaasset"], ["delete_mediaasset", "articles", "mediaasset"], ["view_mediaasset", "articles", "mediaasset"], ["change_comment", "comments", "comment"], ["view_comment", "comments", "comment"], ["view_commentreport", "comments", "commentreport"], ["view_favorite", "interactions", "favorite"], ["view_reaction", "interactions", "reaction"], ["view_subscription", "interactions", "subscription"], ["add_category", "taxonomy", "category"], ["change_category", "taxonomy", "category"], ["view_category", "taxonomy", "category"], ["add_tag", "taxonomy", "tag"], ["change_tag", "taxonomy", "tag"], ["view_tag", "taxonomy", "tag"], ["view_player", "teams", "player"], ["view_team", "teams", "team"], ["view_match", "tournaments", "match"], ["view_matchresult", "tournaments", "matchresult"], ["view_tournament", "tournaments", "tournament"]]}}, {"model": "auth.user", "fields": {"password": "pbkdf2_sha256$1200000$p62rW7fZbQTAYmLQYa35CV$qD5LXoKkqnJ9/yjMm9dTXGztGXgLLkxqjrn9MyR6NYI=", "last_login": "2026-02-12T19:34:29.709Z", "is_superuser": false, "username": "demo_editor", "first_name": "Редактор", "last_name": "KZ", "email": "editor@kz-arena.local", "is_staff": false, "is_active": true, "date_joined": "2026-02-12T16:42:46.602Z", "groups": [["Editors"]], "user_permissions": []}}, {"model": "auth.user", "fields": {"password": "pbkdf2_sha256$1200000$kCIH4jRrJ2Q17BFd1Ui1ij$H/Dx1L2CxpVEH3ehPNzCZhjAOOTs9tyHB9Ry/cNGseM=", "last_login": "2026-02-12T19:34:29.903Z", "is_superuser": false, "username": "demo_user_1", "first_name": "Айдана", "last_name": "Серик", "email": "user1@kz-arena.local", "is_staff": false, "is_active": true, "date_joined": "2026-02-12T16:42:47.678Z", "groups": [], "user_permissions": []}}, {"model": "auth.user", "fields": {"password": "pbkdf2_sha256$1200000$pLPnR7HQfAzZjZTvqcPyWu$4DF9+F9Cum7weHIzQvY+RVri1vHkmU2O/msTfinXMJc=", "last_login": null, "is_superuser": false, "username": "demo_user_2", "first_name": "Руслан", "last_name": "Омаров", "email": "user2@kz-arena.local", "is_staff": false, "is_active": true, "date_joined": "2026-02-12T16:42:48.612Z", "groups": [], "user_permissions": []}}, {"model": "auth.user", "fields": {"password": "pbkdf2_sha256$1200000$1AI095YpBmQWmkCmBFDvoP$H98BIojWCj8xkgZ01hCYwcM3Khini9DrcK0GjzhJP0U=", "last_login": null, "is_superuser": false, "username": "demo_user_3", "first_name": "Ильяс", "last_name": "Тулеу", "email": "user3@kz-arena.local", "is_staff": false, "is_active": true, "date_joined": "2026-02-12T16:42:49.712Z", "groups": [], "user_permissions": []}}, {"model": "auth.user", "fields": {"password": "pbkdf2_sha256$1200000$A6yHc2I4H6zvu3e1Bnmc2H$aSLq9xO3V6c+woN5Ndyq1nRkb4f/VZOX2KQG+UkwLrU=", "last_login": null, "is_superuser": false, "username": "demo_user_4", "first_name": "Милана", "last_name": "Жаксылык", "email": "user4@kz-arena.local", "is_staff": false, "is_active": true, "date_joined": "2026-02-12T16:42:50.645Z", "groups": [], "user_permissions": []}}, {"model": "auth.user", "fields": {"password": "pbkdf2_sha256$600000$owGD5RvEyGSJ9uEwGBhhU7$vxwtDZroeVyFvP+GTSJl9VD26TInPkdsAeJtPiS1XgI=", "last_login": "2026-02-17T19:09:02.172Z", "is_superuser": true, "username": "crvstxllize", "first_name": "", "last_name": "", "email": "crvstxllize@gmail.com", "is_staff": true, "is_active": true, "date_joined": "2026-02-12T19:41:37.054Z", "groups": [], "user_permissions": []}}, {"model": "auth.user", "fields": {"password": "pbkdf2_sha256$600000$O798gICvCitfPkPUbftfFa$5WZkHvDecXn6PiRF5+3vBVRFlVZDTxu/xSm3h8SNKzM=", "last_login": "2026-02-23T09:01:54.706Z", "is_superuser": true, "username": "kzadmin", "first_name": "Thomas", "last_name": "Shelby", "email": "kzadmin@local.test", "is_staff": true, "is_active": true, "date_joined": "2026-02-17T19:07:07.418Z", "groups": [], "user_permissions": []}}, {"model": "auth.user", "fields": {"password": "pbkdf2_sha256$600000$V2Ur7glnwbTJ7EhYQEmAcA$r0WDt/q7TY32DHdxfdcWBugBIzvqF+hkWl8Nr87eaJI=", "last_login": "2026-02-18T08:37:35.634Z", "is_superuser": false, "username": "rabid", "first_name": "", "last_name": "", "email": "rabiga@abc.com", "is_staff": false, "is_active": true, "date_joined": "2026-02-18T08:37:35.438Z", "groups": [], "user_permissions": []}}, {"model": "auth.user", "fields": {"password": "pbkdf2_sha256$600000$WAco9HxfNzX0pye7edzNcZ$3wSbCd6XUNRkfIvyMvs6zzaURkJKj1L/qr1l3yACGhk=", "last_login": "2026-02-22T14:43:36.471Z", "is_superuser": false, "username": "Burzhanovv", "first_name": "", "last_name": "", "email": "burhzanov@abc.com", "is_staff": false, "is_active": true, "date_joined": "2026-02-22T14:43:36.281Z", "groups": [], "user_permissions": []}}, {"model": "accounts.profile", "pk": 2, "fields": {"user": ["demo_editor"], "display_name": "", "avatar": "", "created_at": "2026-02-12T16:42:46.606Z"}}, {"model": "accounts.profile", "pk": 3, "fields": {"user": ["demo_user_1"], "display_name": "", "avatar": "", "created_at": "2026-02-12T16:42:47.678Z"}}, {"model": "accounts.profile", "pk": 4, "fields": {"user": ["demo_user_2"], "display_name": "", "avatar": "", "created_at": "2026-02-12T16:42:48.612Z"}}, {"model": "accounts.profile", "pk": 5, "fields": {"user": ["demo_user_3"], "display_name": "", "avatar": "", "created_at": "2026-02-12T16:42:49.713Z"}}, {"model": "accounts.profile", "pk": 6, "fields": {"user": ["demo_user_4"], "display_name": "", "avatar": "", "created_at": "2026-02-12T16:42:50.647Z"}}, {"model": "accounts.profile", "pk": 7, "fields": {"user": ["crvstxllize"], "display_name": "", "avatar": "", "created_at": "2026-02-12T19:41:38.097Z"}}, {"model": "accounts.profile", "pk": 8, "fields": {"user": ["kzadmin"], "display_name": "GenAdmin", "avatar": "", "created_at": "2026-02-17T19:07:07.419Z"}}, {"model": "accounts.profile", "pk": 9, "fields": {"user": ["rabid"], "display_name": "", "avatar": "", "created_at": "2026-02-18T08:37:35.632Z"}}, {"model": "accounts.profile", "pk": 10, "fields": {"user": ["Burzhanovv"], "display_name": "Diyarchik", "avatar": "", "created_at": "2026-02-22T14:43:36.469Z"}}, {"model": "taxonomy.category", "pk": 1, "fields": {"name": "Спорт", "slug": "item", "description": "Новости традиционных видов спорта Казахстана."}}, {"model": "taxonomy.category", "pk": 2, "fields": {"name": "Киберспорт", "slug": "item-2", "description": "Материалы по CS2, Dota 2 и PUBG."}}, {"model": "taxonomy.category", "pk": 3, "fields": {"name": "Матчи", "slug": "item-3", "description": "Ключевые анонсы и результаты матчей."}}, {"model": "taxonomy.category", "pk": 4, "fields": {"name": "Интервью", "slug": "item-4", "description": "Интервью с игроками и тренерами."}}, {"model": "taxonomy.tag", "pk": 1, "fields": {"name": "Казахстан", "slug": "item"}}, {"model": "taxonomy.tag", "pk": 2, "fields": {"name": "Плей-офф", "slug": "item-2"}}, {"model": "taxonomy.tag", "pk": 3, "fields": {"name": "CS2", "slug": "cs2"}}, {"model": "taxonomy.tag", "pk": 4, "fields": {"name": "Dota2", "slug": "dota2"}}, {"model": "taxonomy.tag", "pk": 5, "fields": {"name": "PUBG", "slug": "pubg"}}, {"model": "taxonomy.tag", "pk": 6, "fields": {"name": "Футбол", "slug": "item-3"}}, {"model": "taxonomy.tag", "pk": 7, "fields": {"name": "Баскетбол", "slug": "item-4"}}, {"model": "taxonomy.tag", "pk": 8, "fields": {"name": "Трансферы", "slug": "item-5"}}, {"model": "taxonomy.tag", "pk": 9, "fields": {"name": "Рейтинг", "slug": "item-6"}}, {"model": "taxonomy.tag", "pk": 10, "fields": {"name": "Финал", "slug": "item-7"}}, {"model": "taxonomy.tag", "pk": 11, "fields": {"name": "LAN", "slug": "lan"}}, {"model": "taxonomy.tag", "pk": 12, "fields": {"name": "PCS", "slug": "pcs"}}, {"model": "taxonomy.tag", "pk": 13, "fields": {"name": "Аналитика", "slug": "аналитика"}}, {"model": "taxonomy.tag", "pk": 14, "fields": {"name": "Анонс", "slug": "анонс"}}, {"model": "taxonomy.tag", "pk": 15, "fields": {"name": "КПЛ", "slug": "кпл"}}, {"model": "taxonomy.tag", "pk": 16, "fields": {"name": "Киберспорт", "slug": "киберспорт"}}, {"model": "taxonomy.tag", "pk": 17, "fields": {"name": "Кубок", "slug": "кубок"}}, {"model": "taxonomy.tag", "pk": 18, "fields": {"name": "Матчи", "slug": "матчи"}}, {"model": "taxonomy.tag", "pk": 19, "fields": {"name": "Сборная", "slug": "сборная"}}, {"model": "taxonomy.tag", "pk": 20, "fields": {"name": "Составы", "slug": "составы"}}, {"model": "taxonomy.tag", "pk": 21, "fields": {"name": "Таблица", "slug": "таблица"}}, {"model": "taxonomy.tag", "pk": 22, "fields": {"name": "Турниры", "slug": "турниры"}}, {"model": "articles.article", "pk": 1, "fields": {"title": "Астана усилила атаку перед стартом весеннего тура", "slug": "астана-усилила-атаку-перед-стартом-весеннего-тура", "excerpt": "Короткий обзор ключевого события и его влияния на сезон.", "content": "Демо-материал для тестирования ORM и будущего вывода ленты новостей.", "kind": "sport", "discipline": "football", "status": "draft", "cover": "", "author": ["demo_editor"], "published_at": "2026-02-12T16:42:51.671Z", "created_at": "2026-02-12T16:42:51.672Z", "updated_at": "2026-02-12T16:53:20.822Z", "views_count": 4, "is_featured": false, "categories": [3, 1], "tags": [8, 6]}}, {"model": "articles.article", "pk": 2, "fields": {"title": "CS2: Qazaq Wolves готовятся к региональному финалу", "slug": "cs2-qazaq-wolves", "excerpt": "Короткий обзор ключевого события и его влияния на сезон.", "content": "Демо-материал для тестирования ORM и будущего вывода ленты новостей.", "kind": "esport", "discipline": "cs2", "status": "draft", "cover": "", "author": ["demo_user_1"], "published_at": "2026-02-12T13:42:51.671Z", "created_at": "2026-02-12T16:42:51.677Z", "updated_at": "2026-02-12T16:42:51.677Z", "views_count": 1, "is_featured": false, "categories": [2], "tags": [3, 10]}}, {"model": "articles.article", "pk": 3, "fields": {"title": "Баскетбол: Almaty Hoopers выиграли домашнюю серию", "slug": "almaty-hoopers", "excerpt": "Короткий обзор ключевого события и его влияния на сезон.", "content": "Демо-материал для тестирования ORM и будущего вывода ленты новостей.", "kind": "sport", "discipline": "basketball", "status": "draft", "cover": "", "author": ["demo_user_2"], "published_at": "2026-02-12T10:42:51.671Z", "created_at": "2026-02-12T16:42:51.679Z", "updated_at": "2026-02-12T16:42:51.679Z", "views_count": 1, "is_featured": false, "categories": [1], "tags": [7, 9]}}, {"model": "articles.article", "pk": 4, "fields": {"title": "Dota 2: Steppe Titans представили новый драфт-план", "slug": "dota-2-steppe-titans", "excerpt": "Короткий обзор ключевого события и его влияния на сезон.", "content": "Демо-материал для тестирования ORM и будущего вывода ленты новостей.", "kind": "esport", "discipline": "dota2", "status": "draft", "cover": "", "author": ["demo_user_3"], "published_at": "2026-02-12T07:42:51.671Z", "created_at": "2026-02-12T16:42:51.682Z", "updated_at": "2026-02-12T16:42:51.682Z", "views_count": 1, "is_featured": false, "categories": [2], "tags": [4, 1]}}, {"model": "articles.article", "pk": 5, "fields": {"title": "PUBG: Nomad Fire поднялись в общем зачете лиги", "slug": "pubg-nomad-fire", "excerpt": "Короткий обзор ключевого события и его влияния на сезон.", "content": "Демо-материал для тестирования ORM и будущего вывода ленты новостей.", "kind": "esport", "discipline": "pubg", "status": "draft", "cover": "", "author": ["demo_user_4"], "published_at": "2026-02-12T04:42:51.671Z", "created_at": "2026-02-12T16:42:51.685Z", "updated_at": "2026-02-12T16:42:51.685Z", "views_count": 1, "is_featured": false, "categories": [2], "tags": [5, 9]}}, {"model": "articles.article", "pk": 6, "fields": {"title": "Футбол: молодежная академия запускает открытые просмотры", "slug": "футбол-молодежная-академия-запускает-открытые-просмотры", "excerpt": "Короткий обзор ключевого события и его влияния на сезон.", "content": "Демо-материал для тестирования ORM и будущего вывода ленты новостей.", "kind": "sport", "discipline": "football", "status": "draft", "cover": "", "author": ["crvstxllize"], "published_at": "2026-02-12T01:42:51.671Z", "created_at": "2026-02-12T16:42:51.687Z", "updated_at": "2026-02-12T20:39:51.450Z", "views_count": 0, "is_featured": false, "categories": [1], "tags": [1, 6]}}, {"model": "articles.article", "pk": 7, "fields": {"title": "CS2: Aktobe Rush изменили тренерский штаб", "slug": "cs2-aktobe-rush", "excerpt": "Короткий обзор ключевого события и его влияния на сезон.", "content": "Демо-материал для тестирования ORM и будущего вывода ленты новостей.", "kind": "esport", "discipline": "cs2", "status": "draft", "cover": "", "author": ["demo_editor"], "published_at": "2026-02-11T22:42:51.671Z", "created_at": "2026-02-12T16:42:51.690Z", "updated_at": "2026-02-12T20:39:51.454Z", "views_count": 2, "is_featured": false, "categories": [4, 2], "tags": [3, 8]}}, {"model": "articles.article", "pk": 8, "fields": {"title": "Баскетбол: Karaganda Eagles укрепили защитную линию", "slug": "karaganda-eagles", "excerpt": "Короткий обзор ключевого события и его влияния на сезон.", "content": "Демо-материал для тестирования ORM и будущего вывода ленты новостей.", "kind": "sport", "discipline": "basketball", "status": "draft", "cover": "", "author": ["demo_user_1"], "published_at": "2026-02-11T19:42:51.671Z", "created_at": "2026-02-12T16:42:51.692Z", "updated_at": "2026-02-12T20:39:51.457Z", "views_count": 0, "is_featured": false, "categories": [1], "tags": [7, 1]}}, {"model": "articles.article", "pk": 9, "fields": {"title": "Dota 2: расписание Central Asia Cup опубликовано", "slug": "dota-2-central-asia-cup", "excerpt": "Короткий обзор ключевого события и его влияния на сезон.", "content": "Демо-материал для тестирования ORM и будущего вывода ленты новостей.", "kind": "esport", "discipline": "dota2", "status": "draft", "cover": "", "author": ["demo_user_2"], "published_at": "2026-02-11T16:42:51.671Z", "created_at": "2026-02-12T16:42:51.696Z", "updated_at": "2026-02-12T20:39:51.459Z", "views_count": 0, "is_featured": false, "categories": [2, 3], "tags": [4, 10]}}, {"model": "articles.article", "pk": 10, "fields": {"title": "Футбольная аналитика: чего ждать от плей-офф", "slug": "футбольная-аналитика-чего-ждать-от-плей-офф", "excerpt": "Короткий обзор ключевого события и его влияния на сезон.", "content": "Демо-материал для тестирования ORM и будущего вывода ленты новостей.", "kind": "sport", "discipline": "football", "status": "draft", "cover": "", "author": ["demo_user_3"], "published_at": "2026-02-11T13:42:51.671Z", "created_at": "2026-02-12T16:42:51.698Z", "updated_at": "2026-02-12T20:39:51.464Z", "views_count": 0, "is_featured": false, "categories": [4, 1], "tags": [2, 6]}}, {"model": "articles.article", "pk": 11, "fields": {"title": "PUBG: команды из Казахстана вышли на LAN-стадию", "slug": "pubg-lan", "excerpt": "Короткий обзор ключевого события и его влияния на сезон.", "content": "Демо-материал для тестирования ORM и будущего вывода ленты новостей.", "kind": "esport", "discipline": "pubg", "status": "draft", "cover": "", "author": ["demo_user_4"], "published_at": "2026-02-11T10:42:51.671Z", "created_at": "2026-02-12T16:42:51.702Z", "updated_at": "2026-02-12T20:39:51.466Z", "views_count": 1, "is_featured": false, "categories": [2, 3], "tags": [5, 2]}}, {"model": "articles.article", "pk": 12, "fields": {"title": "Календарь спортивной недели: топ-события в одном списке", "slug": "календарь-спортивной-недели-топ-события-в-одном-списке", "excerpt": "Короткий обзор ключевого события и его влияния на сезон.", "content": "Демо-материал для тестирования ORM и будущего вывода ленты новостей.", "kind": "sport", "discipline": "basketball", "status": "draft", "cover": "", "author": ["crvstxllize"], "published_at": "2026-02-11T07:42:51.671Z", "created_at": "2026-02-12T16:42:51.705Z", "updated_at": "2026-02-12T20:39:51.469Z", "views_count": 0, "is_featured": false, "categories": [3, 1], "tags": [7, 1]}}, {"model": "articles.article", "pk": 14, "fields": {"title": "Сборная Казахстана объявила расширенный состав на мартовский сбор перед отбором ЧМ-2026", "slug": "kff-announces-world-cup-2026-camp", "excerpt": "Тренерский штаб опубликовал список из 28 игроков на цикл матчей в марте. В состав вернулись несколько футболистов, пропускавших осень из-за травм. Окончательная заявка будет утверждена после первого микроцикла в Астане.", "content": "Казахстанская федерация футбола представила расширенный список игроков, вызванных на мартовский сбор национальной команды. Подготовка пройдет в два этапа: первый блок — в Астане, второй — непосредственно перед официальным матчем отбора.\n\nТренерский штаб делает акцент на игровых связях в средней линии и быстром переходе из обороны в атаку. По информации пресс-службы, в окончательную заявку попадут 23 футболиста.\n\nОтдельное внимание уделят стандартным положениям и контролю темпа во втором тайме, что называлось одной из ключевых задач в предыдущем цикле.", "kind": "sport", "discipline": "football", "status": "published", "cover": "covers/news-kff-announces-world-cup-2026-camp.jpg", "author": ["demo_editor"], "published_at": "2026-03-09T04:30:00Z", "created_at": "2026-02-13T18:34:29.950Z", "updated_at": "2026-02-13T18:34:29.950Z", "views_count": 2143, "is_featured": false, "categories": [1], "tags": [1, 19, 6]}}, {"model": "articles.article", "pk": 15, "fields": {"title": "КПЛ: «Астана» и «Шымкент Юнайтед» открывают весенний тур центральным матчем недели", "slug": "kpl-spring-round-astana-shymkent-preview", "excerpt": "Встреча лидеров тура пройдет в воскресенье при ожидаемой высокой посещаемости. Тренерские штабы подтвердили, что делают ставку на интенсивный прессинг в первые 20 минут. Аналитики называют игру ключевой для распределения мест в первой тройке.", "content": "Матч в Астане станет одним из самых ожидаемых событий стартового блока весенней части КПЛ. Обе команды подошли к игре в хорошем функциональном состоянии и без критических кадровых потерь.\n\n«Астана» делает акцент на контроле мяча через короткий пас, а «Шымкент Юнайтед» рассчитывает на быстрые атаки через фланги. Ожидается, что исход встречи во многом определят эпизоды после стандартов.\n\nВ клубах отмечают, что плотный календарь в марте потребует ротации уже со второго тура.", "kind": "sport", "discipline": "football", "status": "published", "cover": "covers/news-kpl-spring-round-astana-shymkent-preview.jpg", "author": ["demo_user_1"], "published_at": "2026-03-08T09:20:00Z", "created_at": "2026-02-13T18:34:30.800Z", "updated_at": "2026-02-13T18:34:30.800Z", "views_count": 1710, "is_featured": false, "categories": [1], "tags": [15, 18, 6]}}, {"model": "articles.article", "pk": 16, "fields": {"title": "Суперлига Казахстана: «Алматы Хуперс» удержали лидерство после сложного выезда в Караганду", "slug": "kazakhstan-basketball-superleague-roundup", "excerpt": "Команда из Алматы закрыла выездную серию победой в концовке и сохранила первое место в таблице. Решающими стали очки со скамейки и надежная защита в четвертой четверти. Тренер отметил, что коллектив прибавляет в дисциплине владений.", "content": "«Алматы Хуперс» завершили выездной матч в Караганде победой с минимальным преимуществом. Ключевой отрезок пришелся на последние пять минут, когда команда сократила потери и выиграла подбор под своим щитом.\n\nШтаб отдельно выделил работу второго юнита, который добавил скорости в нападении и закрыл дугу соперника. Следующая домашняя серия может укрепить позиции клуба в чемпионской гонке.\n\nПо словам капитана, основной фокус перед мартовским спаренным туром — качество первых атак и темп в раннем нападении.", "kind": "sport", "discipline": "basketball", "status": "published", "cover": "covers/news-kazakhstan-basketball-superleague-roundup.jpg", "author": ["demo_user_2"], "published_at": "2026-03-06T14:10:00Z", "created_at": "2026-02-13T18:34:31.737Z", "updated_at": "2026-02-13T18:34:31.737Z", "views_count": 1485, "is_featured": false, "categories": [1], "tags": [7, 1, 21]}}, {"model": "articles.article", "pk": 17, "fields": {"title": "CS2: Qazaq Wolves вышли в плей-офф KZ Esports League с первого места группы", "slug": "qazaq-wolves-qualify-kz-esports-league-playoffs", "excerpt": "Коллектив завершил групповой этап без поражений по сериям. Команда показала лучшую статистику по ретейкам и игре в поздних раундах. В полуфинале Qazaq Wolves встретятся с обновленным составом Aktobe Rush.", "content": "Qazaq Wolves уверенно прошли групповую стадию KZ Esports League по CS2 и заняли первое место. По итогам недели команда лидировала по проценту выигранных раундов после разменов.\n\nТренерский штаб отметил прогресс в макро-решениях на картах Mirage и Ancient, где ранее были нестабильные отрезки. Полуфинальная встреча запланирована на конец марта в Алматы.\n\nИгроки подчеркивают, что ключевым фактором станет дисциплина экономики в стартовых раундах каждой половины.", "kind": "esport", "discipline": "cs2", "status": "published", "cover": "covers/news-qazaq-wolves-qualify-kz-esports-league-playoffs.jpg", "author": ["demo_user_3"], "published_at": "2026-03-05T16:15:00Z", "created_at": "2026-02-13T18:34:32.276Z", "updated_at": "2026-02-13T18:34:32.276Z", "views_count": 2635, "is_featured": false, "categories": [2], "tags": [3, 16, 2]}}, {"model": "articles.article", "pk": 18, "fields": {"title": "CS2: Aktobe Rush усилили штаб аналитиком перед решающей стадией сезона", "slug": "aktobe-rush-sign-analyst-before-playoffs", "excerpt": "Клуб объявил о подписании специалиста по подготовке соперников и map veto. Новичок приступил к работе перед серией плей-офф, где команда сыграет с фаворитом турнира. В организации рассчитывают на улучшение ранних раундов в защите.", "content": "Aktobe Rush официально подтвердили изменения в тренерском штабе. Новый аналитик отвечает за подготовку соперников, структурирование демо-разборов и сценарии map veto.\n\nВ клубе считают, что это поможет стабилизировать игру на решающих стадиях, где часто решают детали в середине карты. Команда уже провела первый тренировочный блок с обновленным процессом подготовки.\n\nСледующий официальный матч пройдет в формате bo3 в рамках полуфинала KZ Esports League.", "kind": "esport", "discipline": "cs2", "status": "published", "cover": "covers/news-aktobe-rush-sign-analyst-before-playoffs.jpg", "author": ["demo_user_4"], "published_at": "2026-03-03T12:40:00Z", "created_at": "2026-02-13T18:34:32.825Z", "updated_at": "2026-02-13T18:34:32.825Z", "views_count": 1397, "is_featured": false, "categories": [2], "tags": [3, 16, 8]}}, {"model": "articles.article", "pk": 19, "fields": {"title": "Dota 2: объявлены группы Central Asia Dota Cup, казахстанские команды в разных корзинах", "slug": "central-asia-dota-cup-groups-announced", "excerpt": "Организаторы представили состав групп и расписание первых игровых дней. Казахстанские коллективы получили разные сетки и потенциально встретятся только в поздней стадии. Ключевыми для выхода названы стартовые bo2 в первый день.", "content": "Оргкомитет Central Asia Dota Cup опубликовал итоговую групповую стадию и расписание матчей открытия. Казахстанские составы распределены по разным группам, что снижает риск раннего вылета при очной встрече.\n\nТренеры отмечают важность первого игрового дня, где bo2-серии задают темп всей недели. По текущим прогнозам, конкуренция за верхнюю сетку будет максимально плотной.\n\nФинальный блок турнира пройдет в офлайн-формате в Шымкенте.", "kind": "esport", "discipline": "dota2", "status": "published", "cover": "covers/news-central-asia-dota-cup-groups-announced.jpg", "author": ["crvstxllize"], "published_at": "2026-03-02T07:55:00Z", "created_at": "2026-02-13T18:34:33.443Z", "updated_at": "2026-02-13T18:34:33.443Z", "views_count": 1820, "is_featured": false, "categories": [2], "tags": [4, 16, 22]}}, {"model": "articles.article", "pk": 20, "fields": {"title": "Dota 2: Steppe Titans назначили нового капитана перед весенним циклом", "slug": "steppe-titans-announce-new-captain", "excerpt": "Команда обновила внутриигровую структуру и распределение ролей в драфтах. По словам менеджмента, решение принято после серии аналитических сессий по итогам зимнего этапа. Новый капитан дебютирует уже на первом туре в Шымкенте.", "content": "Steppe Titans объявили о перестановках в составе и назначении нового капитана. Клуб объяснил решение необходимостью повысить стабильность в поздней стадии карт и улучшить коммуникацию в тимфайтах.\n\nВ тренировочном цикле команда тестирует обновленный пул героев под мету 7.3x и сценарии быстрых смок-перемещений. Дебют новой структуры запланирован на ближайший матч группового этапа.\n\nВ штабе рассчитывают, что изменения позволят команде чаще выходить в верхнюю сетку региональных турниров.", "kind": "esport", "discipline": "dota2", "status": "published", "cover": "covers/news-steppe-titans-announce-new-captain.jpg", "author": ["demo_editor"], "published_at": "2026-02-28T15:30:00Z", "created_at": "2026-02-13T18:34:34.883Z", "updated_at": "2026-02-13T18:34:34.883Z", "views_count": 1260, "is_featured": false, "categories": [2], "tags": [4, 16, 20]}}, {"model": "articles.article", "pk": 21, "fields": {"title": "PUBG: Nomad Fire прошли в следующий этап PUBG Continental Series", "slug": "nomad-fire-qualified-pcs-stage", "excerpt": "Казахстанский состав закрыл квалификационный блок в зоне прохода и получил слот в основной стадии PCS. Команда стабильно набирала очки в поздних кругах и улучшила результаты по элиминациям. Финальный этап пройдет в гибридном формате с LAN-финалом.", "content": "Nomad Fire успешно завершили квалификационный этап PUBG Continental Series и обеспечили себе участие в следующей стадии. Команда показала дисциплинированную ротацию и высокий процент выживаемости в топ-8.\n\nИгровой штаб выделяет прогресс в контроле центральных зон и качественный менеджмент ресурсов в середине матча. Следующий этап стартует в конце марта и определит участников LAN-финала.\n\nВ клубе заявили, что приоритетом остается стабильность, а не агрессивный старт в каждом лобби.", "kind": "esport", "discipline": "pubg", "status": "published", "cover": "covers/news-nomad-fire-qualified-pcs-stage.jpg", "author": ["demo_user_1"], "published_at": "2026-02-27T11:25:00Z", "created_at": "2026-02-13T18:34:35.350Z", "updated_at": "2026-02-13T18:34:35.350Z", "views_count": 1975, "is_featured": false, "categories": [2], "tags": [12, 5, 16]}}, {"model": "articles.article", "pk": 22, "fields": {"title": "PUBG: казахстанские команды начали совместный LAN-буткемп перед международным блоком", "slug": "pubg-kz-teams-lan-bootcamp", "excerpt": "Составы из Алматы и Астаны проводят общий тренировочный цикл с акцентом на late-game решения. Тренировки включают кастомные лобби и разбор ротаций на топовых картах. Завершение буткемпа запланировано за неделю до старта PCS.", "content": "Перед международным соревновательным блоком сразу несколько казахстанских PUBG-составов запустили совместный буткемп. Цель — синхронизировать темп и улучшить принятие решений в концовках карт.\n\nВ программу включены ежедневные спарринги, индивидуальные разборы по ролям и контрольные игры в формате full lobby. Организаторы отмечают высокий уровень дисциплины и полезный обмен опытом между штабами.\n\nКоманды рассчитывают, что общий цикл даст прирост по стабильности уже в первых матчах PCS.", "kind": "esport", "discipline": "pubg", "status": "published", "cover": "covers/news-pubg-kz-teams-lan-bootcamp.jpg", "author": ["demo_user_2"], "published_at": "2026-02-25T06:05:00Z", "created_at": "2026-02-13T18:34:36.238Z", "updated_at": "2026-02-13T18:34:36.238Z", "views_count": 1180, "is_featured": false, "categories": [2], "tags": [11, 5, 1]}}, {"model": "articles.article", "pk": 23, "fields": {"title": "Кубок Казахстана по баскетболу: определены пары Final Four", "slug": "kz-basketball-cup-final-four-seeded", "excerpt": "Федерация утвердила сетку полуфиналов и график финального уикенда. Матчи пройдут в Алматы в формате двух игровых дней. Ожидается участие ведущих клубов Суперлиги и расширенная телевизионная трансляция.", "content": "Оргкомитет Кубка Казахстана по баскетболу опубликовал окончательную сетку Final Four. Полуфиналы пройдут в первый день, матч за третье место и финал — во второй.\n\nКлубы уже подтвердили ключевые ротации на решающий отрезок сезона. По оценкам экспертов, борьба за титул будет максимально плотной из-за близкого уровня команд.\n\nБилеты на финальный уикенд поступят в открытую продажу в начале марта.", "kind": "sport", "discipline": "basketball", "status": "published", "cover": "covers/news-kz-basketball-cup-final-four-seeded.jpg", "author": ["demo_user_3"], "published_at": "2026-02-22T08:40:00Z", "created_at": "2026-02-13T18:34:37.713Z", "updated_at": "2026-02-13T18:34:37.713Z", "views_count": 990, "is_featured": false, "categories": [1], "tags": [7, 1, 17]}}, {"model": "articles.article", "pk": 24, "fields": {"title": "КПЛ: молодые игроки получают больше минут в стартовых турах весны", "slug": "kpl-youth-breakthrough-report", "excerpt": "Аналитический отчет лиги показывает рост игрового времени футболистов до 21 года. Клубы чаще используют молодежь в матчах с плотным календарем и сохраняют интенсивность прессинга. Тенденция может повлиять на выбор состава сборной U-21.", "content": "В первых турах весенней части КПЛ заметно выросла доля игрового времени для молодых футболистов. Тренеры объясняют это как функциональной готовностью, так и необходимостью ротации в плотном графике.\n\nПо данным лиги, наибольший прирост наблюдается в линиях полузащиты и фланговой обороны. Эксперты считают, что тенденция положительно скажется на глубине национальных сборных.\n\nСледующий аналитический срез будет опубликован после пятого тура.", "kind": "sport", "discipline": "football", "status": "published", "cover": "covers/news-kpl-youth-breakthrough-report.jpg", "author": ["demo_user_4"], "published_at": "2026-02-20T05:15:00Z", "created_at": "2026-02-13T18:34:38.527Z", "updated_at": "2026-02-13T18:34:38.527Z", "views_count": 860, "is_featured": false, "categories": [1], "tags": [13, 15, 6]}}, {"model": "articles.article", "pk": 25, "fields": {"title": "Весенний календарь KZ Arena: главные матчи и турниры Казахстана в одном гиде", "slug": "hero-kz-arena-spring-calendar-main-events", "excerpt": "Февраль и март формируют ключевой отрезок сезона для футбола, баскетбола и киберспорта. От первых туров КПЛ до решающих серий CS2 и PUBG — команды входят в фазу, где каждое очко влияет на итоговую сетку. Мы собрали основные даты, на которые стоит обратить внимание, и объяснили, почему именно эти события будут определять весеннюю повестку.", "content": "Весенний календарь 2026 года объединяет сразу несколько важных сюжетных линий для казахстанского спорта и киберспорта. В футболе центральное внимание приковано к стартовым турам КПЛ и подготовке сборной к матчам отбора.\n\nВ баскетболе определяются пары Final Four и конфигурация верхней части турнирной таблицы. В киберспорте решается посев в плей-офф CS2-лиг, а PUBG-составы проходят ключевые квалификационные блоки перед PCS.\n\nДля болельщиков это период, когда каждая неделя приносит по несколько матчей высокого уровня. Редакция KZ Arena будет вести оперативные лайв-обновления, разборы после туров и детальные превью главных встреч.\n\nЕсли команда стабильно проходит весенний отрезок, это почти всегда закладывает фундамент под успешный сезон.", "kind": "sport", "discipline": "football", "status": "published", "cover": "covers/news-hero-kz-arena-spring-calendar-main-events.jpg", "author": ["crvstxllize"], "published_at": "2026-03-10T03:50:00Z", "created_at": "2026-02-13T18:34:39.848Z", "updated_at": "2026-02-13T18:34:39.848Z", "views_count": 3432, "is_featured": false, "categories": [1], "tags": [14, 1, 18]}}, {"model": "teams.team", "pk": 1, "fields": {"name": "Astana Falcons", "slug": "astana-falcons", "kind": "sport", "discipline": "football", "description": "Футбольный клуб из Астаны.", "logo": "logos/astana-falcons.jpg", "country": "Kazakhstan", "city": "", "source_url": "", "source_updated_at": null, "created_at": "2026-02-12T16:42:51.617Z", "updated_at": "2026-02-13T18:57:41.485Z"}}, {"model": "teams.team", "pk": 2, "fields": {"name": "Almaty Hoopers", "slug": "almaty-hoopers", "kind": "sport", "discipline": "basketball", "description": "Баскетбольный клуб Алматы.", "logo": "logos/almaty-hoopers.jpg", "country": "Kazakhstan", "city": "", "source_url": "", "source_updated_at": null, "created_at": "2026-02-12T16:42:51.619Z", "updated_at": "2026-02-13T18:57:41.485Z"}}, {"model": "teams.team", "pk": 3, "fields": {"name": "Shymkent United", "slug": "shymkent-united", "kind": "sport", "discipline": "football", "description": "Команда Премьер-лиги Казахстана.", "logo": "logos/shymkent-united.jpg", "country": "Kazakhstan", "city": "", "source_url": "", "source_updated_at": null, "created_at": "2026-02-12T16:42:51.620Z", "updated_at": "2026-02-13T18:57:41.485Z"}}, {"model": "teams.team", "pk": 4, "fields": {"name": "Qazaq Wolves", "slug": "qazaq-wolves", "kind": "esport", "discipline": "cs2", "description": "Профессиональный состав по CS2.", "logo": "logos/qazaq-wolves.jpg", "country": "Kazakhstan", "city": "", "source_url": "", "source_updated_at": null, "created_at": "2026-02-12T16:42:51.621Z", "updated_at": "2026-02-13T18:57:41.485Z"}}, {"model": "teams.team", "pk": 5, "fields": {"name": "Steppe Titans", "slug": "steppe-titans", "kind": "esport", "discipline": "dota2", "description": "Dota 2 команда из Казахстана.", "logo": "logos/steppe-titans.jpg", "country": "Kazakhstan", "city": "", "source_url": "", "source_updated_at": null, "created_at": "2026-02-12T16:42:51.623Z", "updated_at": "2026-02-13T18:57:41.485Z"}}, {"model": "teams.team", "pk": 6, "fields": {"name": "Nomad Fire", "slug": "nomad-fire", "kind": "esport", "discipline": "pubg", "description": "PUBG-ростер с международным опытом.", "logo": "logos/nomad-fire.jpg", "country": "Kazakhstan", "city": "", "source_url": "https://liquipedia.net/pubg/Kazakhstan", "source_updated_at": "2026-02-23T09:01:28.061Z", "created_at": "2026-02-12T16:42:51.624Z", "updated_at": "2026-02-23T10:42:35.983Z"}}, {"model": "teams.team", "pk": 7, "fields": {"name": "Karaganda Eagles", "slug": "karaganda-eagles", "kind": "sport", "discipline": "basketball", "description": "Баскетбольная команда Караганды.", "logo": "logos/karaganda-eagles.jpg", "country": "Kazakhstan", "city": "", "source_url": "", "source_updated_at": null, "created_at": "2026-02-12T16:42:51.625Z", "updated_at": "2026-02-13T18:57:41.485Z"}}, {"model": "teams.team", "pk": 8, "fields": {"name": "Aktobe Rush", "slug": "aktobe-rush", "kind": "esport", "discipline": "cs2", "description": "Казахстанский CS2-коллектив.", "logo": "logos/aktobe-rush.jpg", "country": "Kazakhstan", "city": "", "source_url": "", "source_updated_at": null, "created_at": "2026-02-12T16:42:51.626Z", "updated_at": "2026-02-13T18:57:41.485Z"}}, {"model": "teams.team", "pk": 9, "fields": {"name": "Altay Phoenix", "slug": "altay-phoenix", "kind": "esport", "discipline": "pubg", "description": "PUBG-команда восточного региона.", "logo": "logos/altay-phoenix.jpg", "country": "Kazakhstan", "city": "", "source_url": "", "source_updated_at": null, "created_at": "2026-02-13T18:34:29.907Z", "updated_at": "2026-02-13T18:57:41.485Z"}}, {"model": "teams.team", "pk": 10, "fields": {"name": "Aktobe", "slug": "aktobe", "kind": "sport", "discipline": "football", "description": "", "logo": "logos/aktobe.jpg", "country": "Kazakhstan", "city": "", "source_url": "www.fc-aktobe.kz", "source_updated_at": "2026-02-23T10:42:26.305Z", "created_at": "2026-02-13T18:57:55.791Z", "updated_at": "2026-02-23T10:42:35.963Z"}}, {"model": "teams.team", "pk": 11, "fields": {"name": "Astana", "slug": "astana", "kind": "sport", "discipline": "football", "description": "", "logo": "logos/astana.jpg", "country": "Kazakhstan", "city": "", "source_url": "fca.kz", "source_updated_at": "2026-02-23T10:42:26.305Z", "created_at": "2026-02-13T18:57:55.812Z", "updated_at": "2026-02-23T10:42:35.966Z"}}, {"model": "teams.team", "pk": 12, "fields": {"name": "Atyrau", "slug": "atyrau", "kind": "sport", "discipline": "football", "description": "", "logo": "logos/atyrau.jpg", "country": "Kazakhstan", "city": "", "source_url": "rfcatyrau.kz", "source_updated_at": "2026-02-23T10:42:26.305Z", "created_at": "2026-02-13T18:57:55.814Z", "updated_at": "2026-02-23T10:42:35.967Z"}}, {"model": "teams.team", "pk": 13, "fields": {"name": "Elimai Semey", "slug": "elimai-semey", "kind": "sport", "discipline": "football", "description": "", "logo": "logos/elimai-semey.jpg", "country": "Kazakhstan", "city": "", "source_url": "fcelimai.kz/zzz", "source_updated_at": "2026-02-23T10:42:26.305Z", "created_at": "2026-02-13T18:57:55.815Z", "updated_at": "2026-02-23T10:42:35.968Z"}}, {"model": "teams.team", "pk": 14, "fields": {"name": "Jeńis", "slug": "jeńis", "kind": "sport", "discipline": "football", "description": "", "logo": "logos/jenis.jpg", "country": "Kazakhstan", "city": "", "source_url": "jenisfk.kz", "source_updated_at": "2026-02-23T10:42:26.305Z", "created_at": "2026-02-13T18:57:55.816Z", "updated_at": "2026-02-23T10:42:35.968Z"}}, {"model": "teams.team", "pk": 15, "fields": {"name": "Jetysu Taldykorgan", "slug": "jetysu-taldykorgan", "kind": "sport", "discipline": "football", "description": "", "logo": "logos/jetysu-taldykorgan.jpg", "country": "Kazakhstan", "city": "", "source_url": "www.fc-zhetisu.kz", "source_updated_at": "2026-02-23T10:42:26.305Z", "created_at": "2026-02-13T18:57:55.818Z", "updated_at": "2026-02-23T10:42:35.970Z"}}, {"model": "teams.team", "pk": 16, "fields": {"name": "Kairat Almaty", "slug": "kairat-almaty", "kind": "sport", "discipline": "football", "description": "", "logo": "logos/kairat-almaty.jpg", "country": "Kazakhstan", "city": "", "source_url": "www.fckairat.kz", "source_updated_at": "2026-02-23T10:42:26.305Z", "created_at": "2026-02-13T18:57:55.819Z", "updated_at": "2026-02-23T10:42:35.971Z"}}, {"model": "teams.team", "pk": 17, "fields": {"name": "Kaisar Kyzylorda", "slug": "kaisar-kyzylorda", "kind": "sport", "discipline": "football", "description": "", "logo": "logos/kaisar-kyzylorda.jpg", "country": "Kazakhstan", "city": "", "source_url": "www.fckaysar.kz", "source_updated_at": "2026-02-23T10:42:26.305Z", "created_at": "2026-02-13T18:57:55.820Z", "updated_at": "2026-02-23T10:42:35.972Z"}}, {"model": "teams.team", "pk": 18, "fields": {"name": "Kyzylzhar Petropavl", "slug": "kyzylzhar-petropavl", "kind": "sport", "discipline": "football", "description": "", "logo": "logos/kyzylzhar-petropavl.jpg", "country": "Kazakhstan", "city": "", "source_url": "https://www.thesportsdb.com/", "source_updated_at": "2026-02-23T10:42:26.305Z", "created_at": "2026-02-13T18:57:55.822Z", "updated_at": "2026-02-23T10:42:35.973Z"}}, {"model": "teams.team", "pk": 19, "fields": {"name": "Okzhetpes Kokshetau", "slug": "okzhetpes-kokshetau", "kind": "sport", "discipline": "football", "description": "", "logo": "logos/okzhetpes-kokshetau.jpg", "country": "Kazakhstan", "city": "", "source_url": "www.okzhetpes.kz", "source_updated_at": "2026-02-23T10:42:26.305Z", "created_at": "2026-02-13T18:57:55.823Z", "updated_at": "2026-02-23T10:42:35.974Z"}}, {"model": "teams.team", "pk": 20, "fields": {"name": "Ordabasy Shymkent", "slug": "ordabasy-shymkent", "kind": "sport", "discipline": "football", "description": "", "logo": "logos/ordabasy-shymkent.jpg", "country": "Kazakhstan", "city": "", "source_url": "www.fcordabasy.kz", "source_updated_at": "2026-02-23T10:42:26.305Z", "created_at": "2026-02-13T18:57:55.825Z", "updated_at": "2026-02-23T10:42:35.974Z"}}, {"model": "teams.team", "pk": 21, "fields": {"name": "Tobol", "slug": "tobol", "kind": "sport", "discipline": "football", "description": "", "logo": "logos/tobol.jpg", "country": "Kazakhstan", "city": "", "source_url": "www.fctobol.kz", "source_updated_at": "2026-02-23T10:42:26.305Z", "created_at": "2026-02-13T18:57:55.826Z", "updated_at": "2026-02-23T10:42:35.975Z"}}, {"model": "teams.team", "pk": 22, "fields": {"name": "Turan", "slug": "turan", "kind": "sport", "discipline": "football", "description": "", "logo": "logos/turan.jpg", "country": "Kazakhstan", "city": "", "source_url": "https://www.thesportsdb.com/", "source_updated_at": "2026-02-23T10:42:26.305Z", "created_at": "2026-02-13T18:57:55.827Z", "updated_at": "2026-02-23T10:42:35.976Z"}}, {"model": "teams.team", "pk": 23, "fields": {"name": "Ulytau", "slug": "ulytau", "kind": "sport", "discipline": "football", "description": "", "logo": "logos/ulytau.jpg", "country": "Kazakhstan", "city": "", "source_url": "https://www.thesportsdb.com/", "source_updated_at": "2026-02-23T10:42:26.305Z", "created_at": "2026-02-13T18:57:55.828Z", "updated_at": "2026-02-23T10:42:35.976Z"}}, {"model": "teams.team", "pk": 24, "fields": {"name": "BC Astana", "slug": "bc-astana", "kind": "sport", "discipline": "basketball", "description": "", "logo": "logos/bc-astana.jpg", "country": "Kazakhstan", "city": "Astana", "source_url": "https://astanabasket.kz/", "source_updated_at": "2026-02-23T09:01:28.061Z", "created_at": "2026-02-13T18:57:55.829Z", "updated_at": "2026-02-23T10:42:35.982Z"}}, {"model": "teams.team", "pk": 25, "fields": {"name": "AVANGAR", "slug": "avangar", "kind": "esport", "discipline": "cs2", "description": "", "logo": "logos/avangar.jpg", "country": "Kazakhstan", "city": "", "source_url": "https://liquipedia.net/counterstrike/AVANGAR", "source_updated_at": "2026-02-23T09:01:28.061Z", "created_at": "2026-02-13T18:57:55.832Z", "updated_at": "2026-02-23T10:42:35.978Z"}}, {"model": "teams.team", "pk": 26, "fields": {"name": "K23", "slug": "k23", "kind": "esport", "discipline": "cs2", "description": "", "logo": "logos/k23.jpg", "country": "Kazakhstan", "city": "", "source_url": "https://liquipedia.net/counterstrike/K23", "source_updated_at": "2026-02-23T09:01:28.061Z", "created_at": "2026-02-13T18:57:55.833Z", "updated_at": "2026-02-23T10:42:35.979Z"}}, {"model": "teams.team", "pk": 27, "fields": {"name": "Team Kazakhstan (Dota 2)", "slug": "team-kazakhstan-dota-2", "kind": "esport", "discipline": "dota2", "description": "", "logo": "logos/team-kazakhstan-dota2.jpg", "country": "Kazakhstan", "city": "", "source_url": "https://liquipedia.net/dota2/Kazakhstan", "source_updated_at": "2026-02-23T09:01:28.061Z", "created_at": "2026-02-13T18:57:55.834Z", "updated_at": "2026-02-23T10:42:35.983Z"}}, {"model": "teams.team", "pk": 28, "fields": {"name": "FC Astana", "slug": "fc-astana", "kind": "sport", "discipline": "football", "description": "", "logo": "logos/astana_VWSVmxA.jpg", "country": "Kazakhstan", "city": "Astana", "source_url": "https://kpl.kz/", "source_updated_at": "2026-02-23T09:01:28.061Z", "created_at": "2026-02-13T18:57:55.836Z", "updated_at": "2026-02-23T10:42:35.980Z"}}, {"model": "teams.team", "pk": 29, "fields": {"name": "FC Kairat", "slug": "fc-kairat", "kind": "sport", "discipline": "football", "description": "", "logo": "logos/kairat-almaty_zRgegfR.jpg", "country": "Kazakhstan", "city": "Almaty", "source_url": "https://kpl.kz/", "source_updated_at": "2026-02-23T09:01:28.061Z", "created_at": "2026-02-13T18:57:55.837Z", "updated_at": "2026-02-23T10:42:35.980Z"}}, {"model": "teams.team", "pk": 30, "fields": {"name": "FC Ordabasy", "slug": "fc-ordabasy", "kind": "sport", "discipline": "football", "description": "", "logo": "logos/ordabasy-shymkent_prmOu1Q.jpg", "country": "Kazakhstan", "city": "Shymkent", "source_url": "https://kpl.kz/", "source_updated_at": "2026-02-23T09:01:28.061Z", "created_at": "2026-02-13T18:57:55.838Z", "updated_at": "2026-02-23T10:42:35.981Z"}}, {"model": "teams.team", "pk": 31, "fields": {"name": "Irbis Almaty", "slug": "irbis-almaty", "kind": "sport", "discipline": "basketball", "description": "", "logo": "logos/irbis-almaty.jpg", "country": "Kazakhstan", "city": "Almaty", "source_url": "https://fiba3x3.com/", "source_updated_at": "2026-02-23T09:01:28.061Z", "created_at": "2026-02-13T18:57:55.840Z", "updated_at": "2026-02-23T10:42:35.982Z"}}, {"model": "teams.player", "pk": 1, "fields": {"name": "Нурлан Айтбаев", "slug": "item", "team": 1, "photo": "", "position": "Нападающий", "bio": "Игрок команды Astana Falcons."}}, {"model": "teams.player", "pk": 2, "fields": {"name": "Алихан Оспанов", "slug": "item-2", "team": 1, "photo": "", "position": "Полузащитник", "bio": "Игрок команды Astana Falcons."}}, {"model": "teams.player", "pk": 3, "fields": {"name": "Ерасыл Сагындык", "slug": "item-3", "team": 2, "photo": "", "position": "Разыгрывающий", "bio": "Игрок команды Almaty Hoopers."}}, {"model": "teams.player", "pk": 4, "fields": {"name": "Дамир Мусин", "slug": "item-4", "team": 7, "photo": "", "position": "Центровой", "bio": "Игрок команды Karaganda Eagles."}}, {"model": "teams.player", "pk": 5, "fields": {"name": "Arman kazeR", "slug": "arman-kazer", "team": 4, "photo": "", "position": "Rifler", "bio": "Игрок команды Qazaq Wolves."}}, {"model": "teams.player", "pk": 6, "fields": {"name": "Madi storm", "slug": "madi-storm", "team": 4, "photo": "", "position": "AWPer", "bio": "Игрок команды Qazaq Wolves."}}, {"model": "teams.player", "pk": 7, "fields": {"name": "Bek sultan", "slug": "bek-sultan", "team": 5, "photo": "", "position": "Carry", "bio": "Игрок команды Steppe Titans."}}, {"model": "teams.player", "pk": 8, "fields": {"name": "Dias nomad", "slug": "dias-nomad", "team": 6, "photo": "", "position": "IGL", "bio": "Игрок команды Nomad Fire."}}, {"model": "teams.player", "pk": 9, "fields": {"name": "Aruzhan aim", "slug": "aruzhan-aim", "team": 8, "photo": "", "position": "Support", "bio": "Игрок команды Aktobe Rush."}}, {"model": "teams.player", "pk": 10, "fields": {"name": "Roman pixel", "slug": "roman-pixel", "team": 8, "photo": "", "position": "Entry", "bio": "Игрок команды Aktobe Rush."}}, {"model": "teams.player", "pk": 11, "fields": {"name": "Арсен Төлеубек", "slug": "арсен-төлеубек", "team": 3, "photo": "", "position": "Центральный защитник", "bio": "Игрок команды Shymkent United."}}, {"model": "teams.player", "pk": 12, "fields": {"name": "Aidar arc", "slug": "aidar-arc", "team": 9, "photo": "", "position": "Fragger", "bio": "Игрок команды Altay Phoenix."}}, {"model": "tournaments.tournament", "pk": 8, "fields": {"name": "Kazakhstan Premier League", "slug": "kazakhstan-premier-league", "kind": "sport", "discipline": "football", "location": "Kazakhstan", "start_date": "2026-02-23", "end_date": "2026-02-23", "source_url": "https://www.thesportsdb.com/", "source_updated_at": "2026-02-23T10:42:26.305Z", "updated_at": "2026-02-23T10:42:35.985Z"}}, {"model": "tournaments.tournament", "pk": 9, "fields": {"name": "Kazakhstan Basketball Events", "slug": "kazakhstan-basketball-events", "kind": "sport", "discipline": "basketball", "location": "Kazakhstan", "start_date": "2026-02-23", "end_date": "2026-02-23", "source_url": "https://www.thesportsdb.com/", "source_updated_at": "2026-02-23T10:42:27.243Z", "updated_at": "2026-02-23T10:42:35.986Z"}}, {"model": "tournaments.tournament", "pk": 10, "fields": {"name": "PGL Major", "slug": "pgl-major", "kind": "esport", "discipline": "cs2", "location": "", "start_date": "2026-02-23", "end_date": "2026-02-23", "source_url": "https://liquipedia.net/counterstrike/PGL", "source_updated_at": "2026-02-23T10:42:27.729Z", "updated_at": "2026-02-23T10:42:35.987Z"}}, {"model": "tournaments.tournament", "pk": 11, "fields": {"name": "DreamLeague", "slug": "dreamleague", "kind": "esport", "discipline": "dota2", "location": "", "start_date": "2026-02-23", "end_date": "2026-02-23", "source_url": "https://liquipedia.net/dota2/DreamLeague", "source_updated_at": "2026-02-23T10:42:27.729Z", "updated_at": "2026-02-23T10:42:35.988Z"}}, {"model": "tournaments.tournament", "pk": 12, "fields": {"name": "PUBG Continental Series", "slug": "pubg-continental-series", "kind": "esport", "discipline": "pubg", "location": "Almaty", "start_date": "2026-03-21", "end_date": "2026-04-06", "source_url": "https://liquipedia.net/pubg/PUBG_Continental_Series", "source_updated_at": "2026-02-23T09:01:28.061Z", "updated_at": "2026-02-23T10:42:35.992Z"}}, {"model": "tournaments.tournament", "pk": 13, "fields": {"name": "KZ Premier Football Spring", "slug": "kz-premier-football-spring", "kind": "sport", "discipline": "football", "location": "Astana", "start_date": "2026-03-01", "end_date": "2026-04-12", "source_url": "https://kpl.kz/", "source_updated_at": "2026-02-23T09:01:28.061Z", "updated_at": "2026-02-23T10:42:35.990Z"}}, {"model": "tournaments.tournament", "pk": 14, "fields": {"name": "Central Asia Dota Cup", "slug": "central-asia-dota-cup", "kind": "esport", "discipline": "dota2", "location": "Shymkent", "start_date": "2026-03-14", "end_date": "2026-03-29", "source_url": "https://liquipedia.net/dota2/Main_Page", "source_updated_at": "2026-02-23T09:01:28.061Z", "updated_at": "2026-02-23T10:42:35.991Z"}}, {"model": "tournaments.tournament", "pk": 15, "fields": {"name": "KZ Esports League CS2", "slug": "kz-esports-league-cs2", "kind": "esport", "discipline": "cs2", "location": "Almaty", "start_date": "2026-03-05", "end_date": "2026-03-30", "source_url": "https://liquipedia.net/counterstrike/Main_Page", "source_updated_at": "2026-02-23T09:01:28.061Z", "updated_at": "2026-02-23T10:42:35.991Z"}}, {"model": "tournaments.match", "pk": 23, "fields": {"tournament": 13, "datetime": "2026-03-16T14:00:00Z", "team_a": 28, "team_b": 29, "stage": "", "status": "scheduled", "stream_url": "", "source_url": "https://kpl.kz/", "source_updated_at": "2026-02-23T09:01:28.061Z", "updated_at": "2026-02-23T10:42:35.993Z"}}, {"model": "tournaments.match", "pk": 24, "fields": {"tournament": 13, "datetime": "2026-03-22T15:00:00Z", "team_a": 30, "team_b": 28, "stage": "", "status": "scheduled", "stream_url": "", "source_url": "https://kpl.kz/", "source_updated_at": "2026-02-23T09:01:28.061Z", "updated_at": "2026-02-23T10:42:35.994Z"}}, {"model": "tournaments.match", "pk": 25, "fields": {"tournament": 15, "datetime": "2026-03-28T16:00:00Z", "team_a": 25, "team_b": 26, "stage": "", "status": "scheduled", "stream_url": "", "source_url": "https://liquipedia.net/counterstrike/AVANGAR", "source_updated_at": "2026-02-23T09:01:28.061Z", "updated_at": "2026-02-23T10:42:35.995Z"}}, {"model": "tournaments.match", "pk": 26, "fields": {"tournament": 14, "datetime": "2026-03-24T14:00:00Z", "team_a": 27, "team_b": 6, "stage": "", "status": "scheduled", "stream_url": "", "source_url": "https://liquipedia.net/dota2/Kazakhstan", "source_updated_at": "2026-02-23T09:01:28.061Z", "updated_at": "2026-02-23T10:42:35.996Z"}}, {"model": "comments.comment", "pk": 1, "fields": {"article": 1, "user": ["demo_editor"], "text": "Демо-комментарий #1: отличная новость, ждем продолжения сезона.", "is_approved": true, "created_at": "2026-02-12T16:42:51.708Z"}}, {"model": "comments.comment", "pk": 2, "fields": {"article": 2, "user": ["demo_user_1"], "text": "Демо-комментарий #2: отличная новость, ждем продолжения сезона.", "is_approved": true, "created_at": "2026-02-12T16:42:51.708Z"}}, {"model": "comments.comment", "pk": 3, "fields": {"article": 3, "user": ["demo_user_2"], "text": "Демо-комментарий #3: отличная новость, ждем продолжения сезона.", "is_approved": true, "created_at": "2026-02-12T16:42:51.709Z"}}, {"model": "comments.comment", "pk": 4, "fields": {"article": 4, "user": ["demo_user_3"], "text": "Демо-комментарий #4: отличная новость, ждем продолжения сезона.", "is_approved": true, "created_at": "2026-02-12T16:42:51.710Z"}}, {"model": "comments.comment", "pk": 5, "fields": {"article": 5, "user": ["demo_user_4"], "text": "Демо-комментарий #5: отличная новость, ждем продолжения сезона.", "is_approved": true, "created_at": "2026-02-12T16:42:51.710Z"}}, {"model": "comments.comment", "pk": 6, "fields": {"article": 6, "user": ["demo_editor"], "text": "Демо-комментарий #6: отличная новость, ждем продолжения сезона.", "is_approved": true, "created_at": "2026-02-12T16:42:51.712Z"}}, {"model": "comments.comment", "pk": 7, "fields": {"article": 7, "user": ["demo_user_1"], "text": "Демо-комментарий #7: отличная новость, ждем продолжения сезона.", "is_approved": true, "created_at": "2026-02-12T16:42:51.713Z"}}, {"model": "comments.comment", "pk": 8, "fields": {"article": 8, "user": ["demo_user_2"], "text": "Демо-комментарий #8: отличная новость, ждем продолжения сезона.", "is_approved": true, "created_at": "2026-02-12T16:42:51.713Z"}}, {"model": "comments.comment", "pk": 9, "fields": {"article": 9, "user": ["demo_user_3"], "text": "Демо-комментарий #9: отличная новость, ждем продолжения сезона.", "is_approved": true, "created_at": "2026-02-12T16:42:51.715Z"}}, {"model": "comments.comment", "pk": 10, "fields": {"article": 10, "user": ["demo_user_4"], "text": "Демо-комментарий #10: отличная новость, ждем продолжения сезона.", "is_approved": true, "created_at": "2026-02-12T16:42:51.716Z"}}, {"model": "comments.comment", "pk": 11, "fields": {"article": 6, "user": ["crvstxllize"], "text": "Демо-комментарий #6: отличная новость, ждем продолжения сезона.", "is_approved": true, "created_at": "2026-02-12T20:39:51.477Z"}}, {"model": "comments.comment", "pk": 12, "fields": {"article": 7, "user": ["demo_editor"], "text": "Демо-комментарий #7: отличная новость, ждем продолжения сезона.", "is_approved": true, "created_at": "2026-02-12T20:39:51.479Z"}}, {"model": "comments.comment", "pk": 13, "fields": {"article": 8, "user": ["demo_user_1"], "text": "Демо-комментарий #8: отличная новость, ждем продолжения сезона.", "is_approved": true, "created_at": "2026-02-12T20:39:51.479Z"}}, {"model": "comments.comment", "pk": 14, "fields": {"article": 9, "user": ["demo_user_2"], "text": "Демо-комментарий #9: отличная новость, ждем продолжения сезона.", "is_approved": true, "created_at": "2026-02-12T20:39:51.480Z"}}, {"model": "comments.comment", "pk": 15, "fields": {"article": 10, "user": ["demo_user_3"], "text": "Демо-комментарий #10: отличная новость, ждем продолжения сезона.", "is_approved": true, "created_at": "2026-02-12T20:39:51.483Z"}}, {"model": "comments.comment", "pk": 16, "fields": {"article": 25, "user": ["demo_editor"], "text": "Хороший разбор, особенно по тактике второй половины матча.", "is_approved": true, "created_at": "2026-02-13T18:34:40.990Z"}}, {"model": "comments.comment", "pk": 17, "fields": {"article": 14, "user": ["demo_user_1"], "text": "Интересно, как это повлияет на таблицу к концу месяца.", "is_approved": true, "created_at": "2026-02-13T18:34:40.990Z"}}, {"model": "comments.comment", "pk": 18, "fields": {"article": 15, "user": ["demo_user_2"], "text": "Отличный материал, жду превью к следующему туру.", "is_approved": true, "created_at": "2026-02-13T18:34:40.991Z"}}, {"model": "comments.comment", "pk": 19, "fields": {"article": 16, "user": ["demo_user_3"], "text": "Полезная статистика, спасибо за подробности.", "is_approved": true, "created_at": "2026-02-13T18:34:40.992Z"}}, {"model": "comments.comment", "pk": 20, "fields": {"article": 17, "user": ["demo_user_4"], "text": "Хороший разбор, особенно по тактике второй половины матча.", "is_approved": true, "created_at": "2026-02-13T18:34:40.993Z"}}, {"model": "comments.comment", "pk": 21, "fields": {"article": 18, "user": ["crvstxllize"], "text": "Интересно, как это повлияет на таблицу к концу месяца.", "is_approved": true, "created_at": "2026-02-13T18:34:40.993Z"}}, {"model": "comments.comment", "pk": 22, "fields": {"article": 19, "user": ["demo_editor"], "text": "Отличный материал, жду превью к следующему туру.", "is_approved": true, "created_at": "2026-02-13T18:34:40.995Z"}}, {"model": "comments.comment", "pk": 23, "fields": {"article": 20, "user": ["demo_user_1"], "text": "Полезная статистика, спасибо за подробности.", "is_approved": true, "created_at": "2026-02-13T18:34:40.995Z"}}, {"model": "comments.comment", "pk": 24, "fields": {"article": 21, "user": ["demo_user_2"], "text": "Хороший разбор, особенно по тактике второй половины матча.", "is_approved": true, "created_at": "2026-02-13T18:34:40.996Z"}}, {"model": "comments.comment", "pk": 25, "fields": {"article": 22, "user": ["demo_user_3"], "text": "Интересно, как это повлияет на таблицу к концу месяца.", "is_approved": true, "created_at": "2026-02-13T18:34:40.997Z"}}, {"model": "comments.comment", "pk": 27, "fields": {"article": 25, "user": ["kzadmin"], "text": "cool", "is_approved": true, "created_at": "2026-02-18T10:23:24.231Z"}}, {"model": "comments.comment", "pk": 29, "fields": {"article": 18, "user": ["kzadmin"], "text": "Очень захватывающе!", "is_approved": true, "created_at": "2026-02-23T10:46:06.193Z"}}, {"model": "interactions.reaction", "pk": 1, "fields": {"article": 1, "user": ["demo_editor"], "type": "dislike", "created_at": "2026-02-12T16:42:51.717Z"}}, {"model": "interactions.reaction", "pk": 2, "fields": {"article": 2, "user": ["demo_user_1"], "type": "like", "created_at": "2026-02-12T16:42:51.718Z"}}, {"model": "interactions.reaction", "pk": 3, "fields": {"article": 3, "user": ["demo_user_2"], "type": "like", "created_at": "2026-02-12T16:42:51.718Z"}}, {"model": "interactions.reaction", "pk": 4, "fields": {"article": 4, "user": ["demo_user_3"], "type": "dislike", "created_at": "2026-02-12T16:42:51.720Z"}}, {"model": "interactions.reaction", "pk": 5, "fields": {"article": 5, "user": ["demo_user_4"], "type": "like", "created_at": "2026-02-12T16:42:51.720Z"}}, {"model": "interactions.reaction", "pk": 6, "fields": {"article": 6, "user": ["demo_editor"], "type": "like", "created_at": "2026-02-12T16:42:51.721Z"}}, {"model": "interactions.reaction", "pk": 7, "fields": {"article": 7, "user": ["demo_user_1"], "type": "dislike", "created_at": "2026-02-12T16:42:51.722Z"}}, {"model": "interactions.reaction", "pk": 8, "fields": {"article": 8, "user": ["demo_user_2"], "type": "like", "created_at": "2026-02-12T16:42:51.722Z"}}, {"model": "interactions.reaction", "pk": 10, "fields": {"article": 6, "user": ["crvstxllize"], "type": "like", "created_at": "2026-02-12T20:39:51.495Z"}}, {"model": "interactions.reaction", "pk": 11, "fields": {"article": 7, "user": ["demo_editor"], "type": "dislike", "created_at": "2026-02-12T20:39:51.498Z"}}, {"model": "interactions.reaction", "pk": 12, "fields": {"article": 8, "user": ["demo_user_1"], "type": "like", "created_at": "2026-02-12T20:39:51.501Z"}}, {"model": "interactions.reaction", "pk": 13, "fields": {"article": 7, "user": ["crvstxllize"], "type": "like", "created_at": "2026-02-13T18:18:03.417Z"}}, {"model": "interactions.reaction", "pk": 14, "fields": {"article": 25, "user": ["demo_editor"], "type": "dislike", "created_at": "2026-02-13T18:34:40.998Z"}}, {"model": "interactions.reaction", "pk": 15, "fields": {"article": 14, "user": ["demo_user_1"], "type": "like", "created_at": "2026-02-13T18:34:40.998Z"}}, {"model": "interactions.reaction", "pk": 16, "fields": {"article": 15, "user": ["demo_user_2"], "type": "like", "created_at": "2026-02-13T18:34:41.000Z"}}, {"model": "interactions.reaction", "pk": 17, "fields": {"article": 16, "user": ["demo_user_3"], "type": "like", "created_at": "2026-02-13T18:34:41.001Z"}}, {"model": "interactions.reaction", "pk": 18, "fields": {"article": 17, "user": ["demo_user_4"], "type": "dislike", "created_at": "2026-02-13T18:34:41.001Z"}}, {"model": "interactions.reaction", "pk": 19, "fields": {"article": 18, "user": ["crvstxllize"], "type": "like", "created_at": "2026-02-13T18:34:41.002Z"}}, {"model": "interactions.reaction", "pk": 20, "fields": {"article": 19, "user": ["demo_editor"], "type": "like", "created_at": "2026-02-13T18:34:41.003Z"}}, {"model": "interactions.reaction", "pk": 21, "fields": {"article": 20, "user": ["demo_user_1"], "type": "like", "created_at": "2026-02-13T18:34:41.003Z"}}, {"model": "interactions.reaction", "pk": 22, "fields": {"article": 21, "user": ["demo_user_2"], "type": "dislike", "created_at": "2026-02-13T18:34:41.004Z"}}, {"model": "interactions.reaction", "pk": 23, "fields": {"article": 22, "user": ["demo_user_3"], "type": "like", "created_at": "2026-02-13T18:34:41.004Z"}}, {"model": "interactions.reaction", "pk": 24, "fields": {"article": 25, "user": ["Burzhanovv"], "type": "like", "created_at": "2026-02-22T14:53:48.531Z"}}, {"model": "interactions.favorite", "pk": 1, "fields": {"article": 3, "user": ["demo_editor"], "created_at": "2026-02-12T16:42:51.723Z"}}, {"model": "interactions.favorite", "pk": 2, "fields": {"article": 4, "user": ["demo_user_1"], "created_at": "2026-02-12T16:42:51.724Z"}}, {"model": "interactions.favorite", "pk": 3, "fields": {"article": 5, "user": ["demo_user_2"], "created_at": "2026-02-12T16:42:51.725Z"}}, {"model": "interactions.favorite", "pk": 4, "fields": {"article": 6, "user": ["demo_user_3"], "created_at": "2026-02-12T16:42:51.725Z"}}, {"model": "interactions.favorite", "pk": 5, "fields": {"article": 7, "user": ["demo_user_4"], "created_at": "2026-02-12T16:42:51.727Z"}}, {"model": "interactions.favorite", "pk": 6, "fields": {"article": 8, "user": ["demo_editor"], "created_at": "2026-02-12T16:42:51.727Z"}}, {"model": "interactions.favorite", "pk": 8, "fields": {"article": 8, "user": ["crvstxllize"], "created_at": "2026-02-12T20:39:51.509Z"}}, {"model": "interactions.favorite", "pk": 9, "fields": {"article": 15, "user": ["demo_editor"], "created_at": "2026-02-13T18:34:41.005Z"}}, {"model": "interactions.favorite", "pk": 10, "fields": {"article": 16, "user": ["demo_user_1"], "created_at": "2026-02-13T18:34:41.006Z"}}, {"model": "interactions.favorite", "pk": 11, "fields": {"article": 17, "user": ["demo_user_2"], "created_at": "2026-02-13T18:34:41.007Z"}}, {"model": "interactions.favorite", "pk": 12, "fields": {"article": 18, "user": ["demo_user_3"], "created_at": "2026-02-13T18:34:41.007Z"}}, {"model": "interactions.favorite", "pk": 13, "fields": {"article": 19, "user": ["demo_user_4"], "created_at": "2026-02-13T18:34:41.008Z"}}, {"model": "interactions.favorite", "pk": 14, "fields": {"article": 20, "user": ["crvstxllize"], "created_at": "2026-02-13T18:34:41.010Z"}}, {"model": "interactions.favorite", "pk": 15, "fields": {"article": 21, "user": ["demo_editor"], "created_at": "2026-02-13T18:34:41.010Z"}}, {"model": "interactions.favorite", "pk": 16, "fields": {"article": 22, "user": ["demo_user_1"], "created_at": "2026-02-13T18:34:41.011Z"}}, {"model": "interactions.subscription", "pk": 1, "fields": {"user": ["demo_editor"], "team": 4, "category": null, "created_at": "2026-02-12T16:42:51.730Z"}}, {"model": "interactions.subscription", "pk": 2, "fields": {"user": ["demo_user_1"], "team": 1, "category": null, "created_at": "2026-02-12T16:42:51.734Z"}}, {"model": "interactions.subscription", "pk": 3, "fields": {"user": ["demo_user_2"], "team": null, "category": 2, "created_at": "2026-02-12T16:42:51.738Z"}}, {"model": "interactions.subscription", "pk": 4, "fields": {"user": ["demo_user_3"], "team": null, "category": 1, "created_at": "2026-02-12T16:42:51.742Z"}}, {"model": "interactions.subscription", "pk": 5, "fields": {"user": ["demo_user_4"], "team": 6, "category": 2, "created_at": "2026-02-12T16:42:51.746Z"}}, {"model": "interactions.articlerating", "pk": 1, "fields": {"article": 25, "user": ["Burzhanovv"], "value": 5, "created_at": "2026-02-22T14:53:30.521Z", "updated_at": "2026-02-22T14:53:30.521Z"}}, {"model": "interactions.articlerating", "pk": 2, "fields": {"article": 25, "user": ["kzadmin"], "value": 4, "created_at": "2026-02-23T09:02:00.012Z", "updated_at": "2026-02-23T09:02:01.842Z"}}]